source,keyword,date,value
google_trends,economy,2025-08-20,15
google_trends,crime,2025-08-20,39
google_trends,immigration,2025-08-20,12
google_trends,healthcare,2025-08-20,35
google_trends,education,2025-08-20,54
google_trends,economy,2025-08-20,15
google_trends,crime,2025-08-20,43
google_trends,immigration,2025-08-20,12
google_trends,healthcare,2025-08-20,34
google_trends,education,2025-08-20,55
google_trends,economy,2025-08-20,17
google_trends,crime,2025-08-20,45
google_trends,immigration,2025-08-20,13
google_trends,healthcare,2025-08-20,37
google_trends,education,2025-08-20,53
google_trends,economy,2025-08-20,17
google_trends,crime,2025-08-20,43
google_trends,immigration,2025-08-20,13
google_trends,healthcare,2025-08-20,39
google_trends,education,2025-08-20,51
google_trends,economy,2025-08-20,18
google_trends,crime,2025-08-20,44
google_trends,immigration,2025-08-20,14
google_trends,healthcare,2025-08-20,37
google_trends,education,2025-08-20,50
google_trends,economy,2025-08-20,17
google_trends,crime,2025-08-20,43
google_trends,immigration,2025-08-20,13
google_trends,healthcare,2025-08-20,38
google_trends,education,2025-08-20,55
google_trends,economy,2025-08-20,15
google_trends,crime,2025-08-20,41
google_trends,immigration,2025-08-20,14
google_trends,healthcare,2025-08-20,36
google_trends,education,2025-08-20,50
google_trends,economy,2025-08-20,12
google_trends,crime,2025-08-20,40
google_trends,immigration,2025-08-20,11
google_trends,healthcare,2025-08-20,42
google_trends,education,2025-08-20,52
google_trends,economy,2025-08-20,14
google_trends,crime,2025-08-20,35
google_trends,immigration,2025-08-20,13
google_trends,healthcare,2025-08-20,43
google_trends,education,2025-08-20,63
google_trends,economy,2025-08-20,13
google_trends,crime,2025-08-20,34
google_trends,immigration,2025-08-20,12
google_trends,healthcare,2025-08-20,40
google_trends,education,2025-08-20,54
google_trends,economy,2025-08-20,13
google_trends,crime,2025-08-20,34
google_trends,immigration,2025-08-20,12
google_trends,healthcare,2025-08-20,42
google_trends,education,2025-08-20,57
google_trends,economy,2025-08-20,16
google_trends,crime,2025-08-20,34
google_trends,immigration,2025-08-20,12
google_trends,healthcare,2025-08-20,52
google_trends,education,2025-08-20,78
google_trends,economy,2025-08-20,20
google_trends,crime,2025-08-20,36
google_trends,immigration,2025-08-20,14
google_trends,healthcare,2025-08-20,69
google_trends,education,2025-08-20,92
google_trends,economy,2025-08-20,19
google_trends,crime,2025-08-20,32
google_trends,immigration,2025-08-20,15
google_trends,healthcare,2025-08-20,76
google_trends,education,2025-08-20,94
google_trends,economy,2025-08-20,21
google_trends,crime,2025-08-20,31
google_trends,immigration,2025-08-20,15
google_trends,healthcare,2025-08-20,74
google_trends,education,2025-08-20,97
google_trends,economy,2025-08-20,20
google_trends,crime,2025-08-20,37
google_trends,immigration,2025-08-20,16
google_trends,healthcare,2025-08-20,72
google_trends,education,2025-08-20,96
google_trends,economy,2025-08-20,19
google_trends,crime,2025-08-20,32
google_trends,immigration,2025-08-20,15
google_trends,healthcare,2025-08-20,66
google_trends,education,2025-08-20,92
google_trends,economy,2025-08-20,19
google_trends,crime,2025-08-20,33
google_trends,immigration,2025-08-20,15
google_trends,healthcare,2025-08-20,72
google_trends,education,2025-08-20,92
google_trends,economy,2025-08-20,18
google_trends,crime,2025-08-20,32
google_trends,immigration,2025-08-20,15
google_trends,healthcare,2025-08-20,67
google_trends,education,2025-08-20,86
google_trends,economy,2025-08-20,16
google_trends,crime,2025-08-20,33
google_trends,immigration,2025-08-20,14
google_trends,healthcare,2025-08-20,62
google_trends,education,2025-08-20,81
google_trends,economy,2025-08-20,15
google_trends,crime,2025-08-20,32
google_trends,immigration,2025-08-20,14
google_trends,healthcare,2025-08-20,57
google_trends,education,2025-08-20,72
google_trends,economy,2025-08-20,15
google_trends,crime,2025-08-20,33
google_trends,immigration,2025-08-20,14
google_trends,healthcare,2025-08-20,46
google_trends,education,2025-08-20,64
google_trends,economy,2025-08-20,14
google_trends,crime,2025-08-20,33
google_trends,immigration,2025-08-20,13
google_trends,healthcare,2025-08-20,43
google_trends,education,2025-08-20,59
google_trends,economy,2025-08-21,14
google_trends,crime,2025-08-21,35
google_trends,immigration,2025-08-21,11
google_trends,healthcare,2025-08-21,37
google_trends,education,2025-08-21,56
google_trends,economy,2025-08-21,15
google_trends,crime,2025-08-21,38
google_trends,immigration,2025-08-21,12
google_trends,healthcare,2025-08-21,36
google_trends,education,2025-08-21,54
google_trends,economy,2025-08-21,17
google_trends,crime,2025-08-21,40
google_trends,immigration,2025-08-21,12
google_trends,healthcare,2025-08-21,35
google_trends,education,2025-08-21,54
google_trends,economy,2025-08-21,17
google_trends,crime,2025-08-21,39
google_trends,immigration,2025-08-21,14
google_trends,healthcare,2025-08-21,37
google_trends,education,2025-08-21,52
google_trends,economy,2025-08-21,18
google_trends,crime,2025-08-21,44
google_trends,immigration,2025-08-21,17
google_trends,healthcare,2025-08-21,42
google_trends,education,2025-08-21,53
google_trends,economy,2025-08-21,19
google_trends,crime,2025-08-21,44
google_trends,immigration,2025-08-21,15
google_trends,healthcare,2025-08-21,38
google_trends,education,2025-08-21,52
google_trends,economy,2025-08-21,16
google_trends,crime,2025-08-21,45
google_trends,immigration,2025-08-21,15
google_trends,healthcare,2025-08-21,39
google_trends,education,2025-08-21,50
google_trends,economy,2025-08-21,14
google_trends,crime,2025-08-21,38
google_trends,immigration,2025-08-21,14
google_trends,healthcare,2025-08-21,36
google_trends,education,2025-08-21,44
google_trends,economy,2025-08-21,16
google_trends,crime,2025-08-21,39
google_trends,immigration,2025-08-21,14
google_trends,healthcare,2025-08-21,44
google_trends,education,2025-08-21,48
google_trends,economy,2025-08-21,13
google_trends,crime,2025-08-21,37
google_trends,immigration,2025-08-21,13
google_trends,healthcare,2025-08-21,41
google_trends,education,2025-08-21,60
google_trends,economy,2025-08-21,12
google_trends,crime,2025-08-21,36
google_trends,immigration,2025-08-21,12
google_trends,healthcare,2025-08-21,38
google_trends,education,2025-08-21,49
google_trends,economy,2025-08-21,14
google_trends,crime,2025-08-21,31
google_trends,immigration,2025-08-21,12
google_trends,healthcare,2025-08-21,41
google_trends,education,2025-08-21,54
google_trends,economy,2025-08-21,18
google_trends,crime,2025-08-21,33
google_trends,immigration,2025-08-21,12
google_trends,healthcare,2025-08-21,54
google_trends,education,2025-08-21,75
google_trends,economy,2025-08-21,19
google_trends,crime,2025-08-21,31
google_trends,immigration,2025-08-21,16
google_trends,healthcare,2025-08-21,67
google_trends,education,2025-08-21,89
google_trends,economy,2025-08-21,21
google_trends,crime,2025-08-21,30
google_trends,immigration,2025-08-21,18
google_trends,healthcare,2025-08-21,70
google_trends,education,2025-08-21,98
google_trends,economy,2025-08-21,21
google_trends,crime,2025-08-21,31
google_trends,immigration,2025-08-21,16
google_trends,healthcare,2025-08-21,73
google_trends,education,2025-08-21,95
google_trends,economy,2025-08-21,20
google_trends,crime,2025-08-21,32
google_trends,immigration,2025-08-21,15
google_trends,healthcare,2025-08-21,64
google_trends,education,2025-08-21,90
google_trends,economy,2025-08-21,20
google_trends,crime,2025-08-21,33
google_trends,immigration,2025-08-21,16
google_trends,healthcare,2025-08-21,66
google_trends,education,2025-08-21,90
google_trends,economy,2025-08-21,19
google_trends,crime,2025-08-21,33
google_trends,immigration,2025-08-21,15
google_trends,healthcare,2025-08-21,67
google_trends,education,2025-08-21,93
google_trends,economy,2025-08-21,18
google_trends,crime,2025-08-21,31
google_trends,immigration,2025-08-21,15
google_trends,healthcare,2025-08-21,66
google_trends,education,2025-08-21,87
google_trends,economy,2025-08-21,16
google_trends,crime,2025-08-21,31
google_trends,immigration,2025-08-21,14
google_trends,healthcare,2025-08-21,62
google_trends,education,2025-08-21,77
google_trends,economy,2025-08-21,16
google_trends,crime,2025-08-21,32
google_trends,immigration,2025-08-21,14
google_trends,healthcare,2025-08-21,52
google_trends,education,2025-08-21,66
google_trends,economy,2025-08-21,14
google_trends,crime,2025-08-21,33
google_trends,immigration,2025-08-21,13
google_trends,healthcare,2025-08-21,45
google_trends,education,2025-08-21,59
google_trends,economy,2025-08-21,13
google_trends,crime,2025-08-21,33
google_trends,immigration,2025-08-21,12
google_trends,healthcare,2025-08-21,38
google_trends,education,2025-08-21,54
google_trends,economy,2025-08-22,14
google_trends,crime,2025-08-22,36
google_trends,immigration,2025-08-22,12
google_trends,healthcare,2025-08-22,34
google_trends,education,2025-08-22,52
google_trends,economy,2025-08-22,15
google_trends,crime,2025-08-22,39
google_trends,immigration,2025-08-22,12
google_trends,healthcare,2025-08-22,31
google_trends,education,2025-08-22,51
google_trends,economy,2025-08-22,16
google_trends,crime,2025-08-22,42
google_trends,immigration,2025-08-22,13
google_trends,healthcare,2025-08-22,32
google_trends,education,2025-08-22,53
google_trends,economy,2025-08-22,16
google_trends,crime,2025-08-22,44
google_trends,immigration,2025-08-22,13
google_trends,healthcare,2025-08-22,34
google_trends,education,2025-08-22,52
google_trends,economy,2025-08-22,17
google_trends,crime,2025-08-22,47
google_trends,immigration,2025-08-22,18
google_trends,healthcare,2025-08-22,30
google_trends,education,2025-08-22,52
google_trends,economy,2025-08-22,16
google_trends,crime,2025-08-22,52
google_trends,immigration,2025-08-22,15
google_trends,healthcare,2025-08-22,36
google_trends,education,2025-08-22,49
google_trends,economy,2025-08-22,17
google_trends,crime,2025-08-22,50
google_trends,immigration,2025-08-22,15
google_trends,healthcare,2025-08-22,34
google_trends,education,2025-08-22,47
google_trends,economy,2025-08-22,14
google_trends,crime,2025-08-22,48
google_trends,immigration,2025-08-22,13
google_trends,healthcare,2025-08-22,40
google_trends,education,2025-08-22,41
google_trends,economy,2025-08-22,13
google_trends,crime,2025-08-22,47
google_trends,immigration,2025-08-22,14
google_trends,healthcare,2025-08-22,42
google_trends,education,2025-08-22,42
google_trends,economy,2025-08-22,12
google_trends,crime,2025-08-22,41
google_trends,immigration,2025-08-22,13
google_trends,healthcare,2025-08-22,44
google_trends,education,2025-08-22,69
google_trends,economy,2025-08-22,13
google_trends,crime,2025-08-22,51
google_trends,immigration,2025-08-22,12
google_trends,healthcare,2025-08-22,38
google_trends,education,2025-08-22,44
google_trends,economy,2025-08-22,14
google_trends,crime,2025-08-22,42
google_trends,immigration,2025-08-22,13
google_trends,healthcare,2025-08-22,40
google_trends,education,2025-08-22,49
google_trends,economy,2025-08-22,18
google_trends,crime,2025-08-22,34
google_trends,immigration,2025-08-22,13
google_trends,healthcare,2025-08-22,46
google_trends,education,2025-08-22,67
google_trends,economy,2025-08-22,21
google_trends,crime,2025-08-22,33
google_trends,immigration,2025-08-22,14
google_trends,healthcare,2025-08-22,59
google_trends,education,2025-08-22,83
google_trends,economy,2025-08-22,21
google_trends,crime,2025-08-22,31
google_trends,immigration,2025-08-22,15
google_trends,healthcare,2025-08-22,62
google_trends,education,2025-08-22,82
google_trends,economy,2025-08-22,20
google_trends,crime,2025-08-22,32
google_trends,immigration,2025-08-22,15
google_trends,healthcare,2025-08-22,63
google_trends,education,2025-08-22,85
google_trends,economy,2025-08-22,21
google_trends,crime,2025-08-22,32
google_trends,immigration,2025-08-22,14
google_trends,healthcare,2025-08-22,62
google_trends,education,2025-08-22,84
google_trends,economy,2025-08-22,20
google_trends,crime,2025-08-22,37
google_trends,immigration,2025-08-22,15
google_trends,healthcare,2025-08-22,63
google_trends,education,2025-08-22,85
google_trends,economy,2025-08-22,18
google_trends,crime,2025-08-22,41
google_trends,immigration,2025-08-22,14
google_trends,healthcare,2025-08-22,60
google_trends,education,2025-08-22,85
google_trends,economy,2025-08-22,17
google_trends,crime,2025-08-22,42
google_trends,immigration,2025-08-22,14
google_trends,healthcare,2025-08-22,59
google_trends,education,2025-08-22,75
google_trends,economy,2025-08-22,15
google_trends,crime,2025-08-22,37
google_trends,immigration,2025-08-22,13
google_trends,healthcare,2025-08-22,53
google_trends,education,2025-08-22,68
google_trends,economy,2025-08-22,14
google_trends,crime,2025-08-22,36
google_trends,immigration,2025-08-22,12
google_trends,healthcare,2025-08-22,44
google_trends,education,2025-08-22,60
google_trends,economy,2025-08-22,12
google_trends,crime,2025-08-22,36
google_trends,immigration,2025-08-22,11
google_trends,healthcare,2025-08-22,33
google_trends,education,2025-08-22,47
google_trends,economy,2025-08-22,11
google_trends,crime,2025-08-22,36
google_trends,immigration,2025-08-22,10
google_trends,healthcare,2025-08-22,29
google_trends,education,2025-08-22,42
google_trends,economy,2025-08-23,11
google_trends,crime,2025-08-23,39
google_trends,immigration,2025-08-23,10
google_trends,healthcare,2025-08-23,26
google_trends,education,2025-08-23,39
google_trends,economy,2025-08-23,11
google_trends,crime,2025-08-23,39
google_trends,immigration,2025-08-23,9
google_trends,healthcare,2025-08-23,27
google_trends,education,2025-08-23,40
google_trends,economy,2025-08-23,11
google_trends,crime,2025-08-23,40
google_trends,immigration,2025-08-23,9
google_trends,healthcare,2025-08-23,29
google_trends,education,2025-08-23,39
google_trends,economy,2025-08-23,13
google_trends,crime,2025-08-23,43
google_trends,immigration,2025-08-23,11
google_trends,healthcare,2025-08-23,30
google_trends,education,2025-08-23,38
google_trends,economy,2025-08-23,13
google_trends,crime,2025-08-23,46
google_trends,immigration,2025-08-23,10
google_trends,healthcare,2025-08-23,30
google_trends,education,2025-08-23,41
google_trends,economy,2025-08-23,14
google_trends,crime,2025-08-23,47
google_trends,immigration,2025-08-23,14
google_trends,healthcare,2025-08-23,33
google_trends,education,2025-08-23,42
google_trends,economy,2025-08-23,14
google_trends,crime,2025-08-23,44
google_trends,immigration,2025-08-23,13
google_trends,healthcare,2025-08-23,36
google_trends,education,2025-08-23,43
google_trends,economy,2025-08-23,13
google_trends,crime,2025-08-23,42
google_trends,immigration,2025-08-23,11
google_trends,healthcare,2025-08-23,38
google_trends,education,2025-08-23,43
google_trends,economy,2025-08-23,12
google_trends,crime,2025-08-23,43
google_trends,immigration,2025-08-23,13
google_trends,healthcare,2025-08-23,38
google_trends,education,2025-08-23,44
google_trends,economy,2025-08-23,12
google_trends,crime,2025-08-23,42
google_trends,immigration,2025-08-23,12
google_trends,healthcare,2025-08-23,46
google_trends,education,2025-08-23,61
google_trends,economy,2025-08-23,14
google_trends,crime,2025-08-23,40
google_trends,immigration,2025-08-23,13
google_trends,healthcare,2025-08-23,43
google_trends,education,2025-08-23,45
google_trends,economy,2025-08-23,11
google_trends,crime,2025-08-23,38
google_trends,immigration,2025-08-23,10
google_trends,healthcare,2025-08-23,38
google_trends,education,2025-08-23,44
google_trends,economy,2025-08-23,12
google_trends,crime,2025-08-23,37
google_trends,immigration,2025-08-23,9
google_trends,healthcare,2025-08-23,36
google_trends,education,2025-08-23,39
google_trends,economy,2025-08-23,12
google_trends,crime,2025-08-23,37
google_trends,immigration,2025-08-23,10
google_trends,healthcare,2025-08-23,33
google_trends,education,2025-08-23,40
google_trends,economy,2025-08-23,12
google_trends,crime,2025-08-23,32
google_trends,immigration,2025-08-23,9
google_trends,healthcare,2025-08-23,36
google_trends,education,2025-08-23,39
google_trends,economy,2025-08-23,13
google_trends,crime,2025-08-23,32
google_trends,immigration,2025-08-23,9
google_trends,healthcare,2025-08-23,34
google_trends,education,2025-08-23,45
google_trends,economy,2025-08-23,14
google_trends,crime,2025-08-23,30
google_trends,immigration,2025-08-23,10
google_trends,healthcare,2025-08-23,33
google_trends,education,2025-08-23,43
google_trends,economy,2025-08-23,12
google_trends,crime,2025-08-23,27
google_trends,immigration,2025-08-23,10
google_trends,healthcare,2025-08-23,30
google_trends,education,2025-08-23,41
google_trends,economy,2025-08-23,12
google_trends,crime,2025-08-23,29
google_trends,immigration,2025-08-23,10
google_trends,healthcare,2025-08-23,27
google_trends,education,2025-08-23,39
google_trends,economy,2025-08-23,12
google_trends,crime,2025-08-23,29
google_trends,immigration,2025-08-23,9
google_trends,healthcare,2025-08-23,27
google_trends,education,2025-08-23,39
google_trends,economy,2025-08-23,12
google_trends,crime,2025-08-23,30
google_trends,immigration,2025-08-23,12
google_trends,healthcare,2025-08-23,25
google_trends,education,2025-08-23,35
google_trends,economy,2025-08-23,11
google_trends,crime,2025-08-23,32
google_trends,immigration,2025-08-23,10
google_trends,healthcare,2025-08-23,27
google_trends,education,2025-08-23,36
google_trends,economy,2025-08-23,11
google_trends,crime,2025-08-23,32
google_trends,immigration,2025-08-23,10
google_trends,healthcare,2025-08-23,26
google_trends,education,2025-08-23,36
google_trends,economy,2025-08-23,11
google_trends,crime,2025-08-23,33
google_trends,immigration,2025-08-23,8
google_trends,healthcare,2025-08-23,23
google_trends,education,2025-08-23,37
google_trends,economy,2025-08-24,11
google_trends,crime,2025-08-24,35
google_trends,immigration,2025-08-24,8
google_trends,healthcare,2025-08-24,25
google_trends,education,2025-08-24,34
google_trends,economy,2025-08-24,11
google_trends,crime,2025-08-24,39
google_trends,immigration,2025-08-24,8
google_trends,healthcare,2025-08-24,22
google_trends,education,2025-08-24,31
google_trends,economy,2025-08-24,11
google_trends,crime,2025-08-24,38
google_trends,immigration,2025-08-24,9
google_trends,healthcare,2025-08-24,23
google_trends,education,2025-08-24,32
google_trends,economy,2025-08-24,13
google_trends,crime,2025-08-24,44
google_trends,immigration,2025-08-24,10
google_trends,healthcare,2025-08-24,26
google_trends,education,2025-08-24,35
google_trends,economy,2025-08-24,13
google_trends,crime,2025-08-24,50
google_trends,immigration,2025-08-24,10
google_trends,healthcare,2025-08-24,26
google_trends,education,2025-08-24,38
google_trends,economy,2025-08-24,13
google_trends,crime,2025-08-24,46
google_trends,immigration,2025-08-24,11
google_trends,healthcare,2025-08-24,26
google_trends,education,2025-08-24,35
google_trends,economy,2025-08-24,13
google_trends,crime,2025-08-24,49
google_trends,immigration,2025-08-24,14
google_trends,healthcare,2025-08-24,28
google_trends,education,2025-08-24,38
google_trends,economy,2025-08-24,14
google_trends,crime,2025-08-24,57
google_trends,immigration,2025-08-24,11
google_trends,healthcare,2025-08-24,28
google_trends,education,2025-08-24,32
google_trends,economy,2025-08-24,13
google_trends,crime,2025-08-24,51
google_trends,immigration,2025-08-24,13
google_trends,healthcare,2025-08-24,28
google_trends,education,2025-08-24,37
google_trends,economy,2025-08-24,13
google_trends,crime,2025-08-24,45
google_trends,immigration,2025-08-24,11
google_trends,healthcare,2025-08-24,31
google_trends,education,2025-08-24,50
google_trends,economy,2025-08-24,14
google_trends,crime,2025-08-24,45
google_trends,immigration,2025-08-24,12
google_trends,healthcare,2025-08-24,27
google_trends,education,2025-08-24,36
google_trends,economy,2025-08-24,11
google_trends,crime,2025-08-24,44
google_trends,immigration,2025-08-24,12
google_trends,healthcare,2025-08-24,28
google_trends,education,2025-08-24,36
google_trends,economy,2025-08-24,14
google_trends,crime,2025-08-24,43
google_trends,immigration,2025-08-24,12
google_trends,healthcare,2025-08-24,26
google_trends,education,2025-08-24,37
google_trends,economy,2025-08-24,12
google_trends,crime,2025-08-24,39
google_trends,immigration,2025-08-24,13
google_trends,healthcare,2025-08-24,27
google_trends,education,2025-08-24,38
google_trends,economy,2025-08-24,13
google_trends,crime,2025-08-24,36
google_trends,immigration,2025-08-24,11
google_trends,healthcare,2025-08-24,27
google_trends,education,2025-08-24,37
google_trends,economy,2025-08-24,13
google_trends,crime,2025-08-24,35
google_trends,immigration,2025-08-24,9
google_trends,healthcare,2025-08-24,27
google_trends,education,2025-08-24,36
google_trends,economy,2025-08-24,12
google_trends,crime,2025-08-24,35
google_trends,immigration,2025-08-24,9
google_trends,healthcare,2025-08-24,26
google_trends,education,2025-08-24,38
google_trends,economy,2025-08-24,13
google_trends,crime,2025-08-24,39
google_trends,immigration,2025-08-24,9
google_trends,healthcare,2025-08-24,25
google_trends,education,2025-08-24,40
google_trends,economy,2025-08-24,14
google_trends,crime,2025-08-24,35
google_trends,immigration,2025-08-24,9
google_trends,healthcare,2025-08-24,28
google_trends,education,2025-08-24,42
google_trends,economy,2025-08-24,14
google_trends,crime,2025-08-24,37
google_trends,immigration,2025-08-24,9
google_trends,healthcare,2025-08-24,25
google_trends,education,2025-08-24,44
google_trends,economy,2025-08-24,13
google_trends,crime,2025-08-24,36
google_trends,immigration,2025-08-24,9
google_trends,healthcare,2025-08-24,26
google_trends,education,2025-08-24,43
google_trends,economy,2025-08-24,13
google_trends,crime,2025-08-24,37
google_trends,immigration,2025-08-24,9
google_trends,healthcare,2025-08-24,27
google_trends,education,2025-08-24,43
google_trends,economy,2025-08-24,14
google_trends,crime,2025-08-24,43
google_trends,immigration,2025-08-24,9
google_trends,healthcare,2025-08-24,28
google_trends,education,2025-08-24,43
google_trends,economy,2025-08-24,13
google_trends,crime,2025-08-24,42
google_trends,immigration,2025-08-24,9
google_trends,healthcare,2025-08-24,27
google_trends,education,2025-08-24,44
google_trends,economy,2025-08-25,14
google_trends,crime,2025-08-25,43
google_trends,immigration,2025-08-25,10
google_trends,healthcare,2025-08-25,29
google_trends,education,2025-08-25,45
google_trends,economy,2025-08-25,15
google_trends,crime,2025-08-25,45
google_trends,immigration,2025-08-25,10
google_trends,healthcare,2025-08-25,29
google_trends,education,2025-08-25,46
google_trends,economy,2025-08-25,16
google_trends,crime,2025-08-25,50
google_trends,immigration,2025-08-25,10
google_trends,healthcare,2025-08-25,30
google_trends,education,2025-08-25,49
google_trends,economy,2025-08-25,17
google_trends,crime,2025-08-25,45
google_trends,immigration,2025-08-25,11
google_trends,healthcare,2025-08-25,32
google_trends,education,2025-08-25,47
google_trends,economy,2025-08-25,17
google_trends,crime,2025-08-25,50
google_trends,immigration,2025-08-25,14
google_trends,healthcare,2025-08-25,32
google_trends,education,2025-08-25,46
google_trends,economy,2025-08-25,17
google_trends,crime,2025-08-25,48
google_trends,immigration,2025-08-25,15
google_trends,healthcare,2025-08-25,32
google_trends,education,2025-08-25,49
google_trends,economy,2025-08-25,18
google_trends,crime,2025-08-25,47
google_trends,immigration,2025-08-25,16
google_trends,healthcare,2025-08-25,35
google_trends,education,2025-08-25,49
google_trends,economy,2025-08-25,14
google_trends,crime,2025-08-25,43
google_trends,immigration,2025-08-25,13
google_trends,healthcare,2025-08-25,33
google_trends,education,2025-08-25,46
google_trends,economy,2025-08-25,12
google_trends,crime,2025-08-25,42
google_trends,immigration,2025-08-25,12
google_trends,healthcare,2025-08-25,40
google_trends,education,2025-08-25,51
google_trends,economy,2025-08-25,12
google_trends,crime,2025-08-25,45
google_trends,immigration,2025-08-25,12
google_trends,healthcare,2025-08-25,39
google_trends,education,2025-08-25,62
google_trends,economy,2025-08-25,12
google_trends,crime,2025-08-25,44
google_trends,immigration,2025-08-25,14
google_trends,healthcare,2025-08-25,36
google_trends,education,2025-08-25,56
google_trends,economy,2025-08-25,14
google_trends,crime,2025-08-25,46
google_trends,immigration,2025-08-25,13
google_trends,healthcare,2025-08-25,40
google_trends,education,2025-08-25,58
google_trends,economy,2025-08-25,17
google_trends,crime,2025-08-25,40
google_trends,immigration,2025-08-25,14
google_trends,healthcare,2025-08-25,52
google_trends,education,2025-08-25,72
google_trends,economy,2025-08-25,21
google_trends,crime,2025-08-25,38
google_trends,immigration,2025-08-25,16
google_trends,healthcare,2025-08-25,68
google_trends,education,2025-08-25,93
google_trends,economy,2025-08-25,22
google_trends,crime,2025-08-25,40
google_trends,immigration,2025-08-25,18
google_trends,healthcare,2025-08-25,71
google_trends,education,2025-08-25,95
google_trends,economy,2025-08-25,21
google_trends,crime,2025-08-25,41
google_trends,immigration,2025-08-25,18
google_trends,healthcare,2025-08-25,74
google_trends,education,2025-08-25,94
google_trends,economy,2025-08-25,21
google_trends,crime,2025-08-25,41
google_trends,immigration,2025-08-25,18
google_trends,healthcare,2025-08-25,74
google_trends,education,2025-08-25,94
google_trends,economy,2025-08-25,20
google_trends,crime,2025-08-25,42
google_trends,immigration,2025-08-25,18
google_trends,healthcare,2025-08-25,72
google_trends,education,2025-08-25,97
google_trends,economy,2025-08-25,19
google_trends,crime,2025-08-25,41
google_trends,immigration,2025-08-25,16
google_trends,healthcare,2025-08-25,68
google_trends,education,2025-08-25,94
google_trends,economy,2025-08-25,19
google_trends,crime,2025-08-25,40
google_trends,immigration,2025-08-25,17
google_trends,healthcare,2025-08-25,73
google_trends,education,2025-08-25,91
google_trends,economy,2025-08-25,16
google_trends,crime,2025-08-25,46
google_trends,immigration,2025-08-25,14
google_trends,healthcare,2025-08-25,62
google_trends,education,2025-08-25,77
google_trends,economy,2025-08-25,15
google_trends,crime,2025-08-25,45
google_trends,immigration,2025-08-25,16
google_trends,healthcare,2025-08-25,56
google_trends,education,2025-08-25,67
google_trends,economy,2025-08-25,14
google_trends,crime,2025-08-25,49
google_trends,immigration,2025-08-25,14
google_trends,healthcare,2025-08-25,43
google_trends,education,2025-08-25,61
google_trends,economy,2025-08-25,15
google_trends,crime,2025-08-25,53
google_trends,immigration,2025-08-25,14
google_trends,healthcare,2025-08-25,42
google_trends,education,2025-08-25,59
google_trends,economy,2025-08-26,15
google_trends,crime,2025-08-26,48
google_trends,immigration,2025-08-26,13
google_trends,healthcare,2025-08-26,38
google_trends,education,2025-08-26,56
google_trends,economy,2025-08-26,16
google_trends,crime,2025-08-26,48
google_trends,immigration,2025-08-26,13
google_trends,healthcare,2025-08-26,35
google_trends,education,2025-08-26,55
google_trends,economy,2025-08-26,17
google_trends,crime,2025-08-26,50
google_trends,immigration,2025-08-26,12
google_trends,healthcare,2025-08-26,35
google_trends,education,2025-08-26,55
google_trends,economy,2025-08-26,18
google_trends,crime,2025-08-26,53
google_trends,immigration,2025-08-26,13
google_trends,healthcare,2025-08-26,34
google_trends,education,2025-08-26,54
google_trends,economy,2025-08-26,18
google_trends,crime,2025-08-26,49
google_trends,immigration,2025-08-26,14
google_trends,healthcare,2025-08-26,34
google_trends,education,2025-08-26,50
google_trends,economy,2025-08-26,18
google_trends,crime,2025-08-26,52
google_trends,immigration,2025-08-26,16
google_trends,healthcare,2025-08-26,36
google_trends,education,2025-08-26,51
google_trends,economy,2025-08-26,17
google_trends,crime,2025-08-26,55
google_trends,immigration,2025-08-26,15
google_trends,healthcare,2025-08-26,38
google_trends,education,2025-08-26,47
google_trends,economy,2025-08-26,15
google_trends,crime,2025-08-26,52
google_trends,immigration,2025-08-26,14
google_trends,healthcare,2025-08-26,38
google_trends,education,2025-08-26,45
google_trends,economy,2025-08-26,14
google_trends,crime,2025-08-26,52
google_trends,immigration,2025-08-26,14
google_trends,healthcare,2025-08-26,46
google_trends,education,2025-08-26,60
google_trends,economy,2025-08-26,12
google_trends,crime,2025-08-26,46
google_trends,immigration,2025-08-26,13
google_trends,healthcare,2025-08-26,40
google_trends,education,2025-08-26,54
google_trends,economy,2025-08-26,12
google_trends,crime,2025-08-26,52
google_trends,immigration,2025-08-26,13
google_trends,healthcare,2025-08-26,46
google_trends,education,2025-08-26,86
google_trends,economy,2025-08-26,14
google_trends,crime,2025-08-26,47
google_trends,immigration,2025-08-26,12
google_trends,healthcare,2025-08-26,49
google_trends,education,2025-08-26,82
google_trends,economy,2025-08-26,18
google_trends,crime,2025-08-26,45
google_trends,immigration,2025-08-26,13
google_trends,healthcare,2025-08-26,52
google_trends,education,2025-08-26,81
google_trends,economy,2025-08-26,20
google_trends,crime,2025-08-26,41
google_trends,immigration,2025-08-26,16
google_trends,healthcare,2025-08-26,68
google_trends,education,2025-08-26,89
google_trends,economy,2025-08-26,21
google_trends,crime,2025-08-26,40
google_trends,immigration,2025-08-26,18
google_trends,healthcare,2025-08-26,77
google_trends,education,2025-08-26,97
google_trends,economy,2025-08-26,22
google_trends,crime,2025-08-26,40
google_trends,immigration,2025-08-26,16
google_trends,healthcare,2025-08-26,73
google_trends,education,2025-08-26,100
google_trends,economy,2025-08-26,22
google_trends,crime,2025-08-26,40
google_trends,immigration,2025-08-26,16
google_trends,healthcare,2025-08-26,70
google_trends,education,2025-08-26,95
google_trends,economy,2025-08-26,20
google_trends,crime,2025-08-26,38
google_trends,immigration,2025-08-26,16
google_trends,healthcare,2025-08-26,65
google_trends,education,2025-08-26,93
google_trends,economy,2025-08-26,20
google_trends,crime,2025-08-26,38
google_trends,immigration,2025-08-26,15
google_trends,healthcare,2025-08-26,67
google_trends,education,2025-08-26,95
google_trends,economy,2025-08-26,20
google_trends,crime,2025-08-26,39
google_trends,immigration,2025-08-26,16
google_trends,healthcare,2025-08-26,71
google_trends,education,2025-08-26,90
google_trends,economy,2025-08-26,18
google_trends,crime,2025-08-26,40
google_trends,immigration,2025-08-26,15
google_trends,healthcare,2025-08-26,67
google_trends,education,2025-08-26,82
google_trends,economy,2025-08-26,17
google_trends,crime,2025-08-26,39
google_trends,immigration,2025-08-26,14
google_trends,healthcare,2025-08-26,56
google_trends,education,2025-08-26,70
google_trends,economy,2025-08-26,16
google_trends,crime,2025-08-26,41
google_trends,immigration,2025-08-26,13
google_trends,healthcare,2025-08-26,48
google_trends,education,2025-08-26,63
google_trends,economy,2025-08-26,15
google_trends,crime,2025-08-26,40
google_trends,immigration,2025-08-26,13
google_trends,healthcare,2025-08-26,43
google_trends,education,2025-08-26,62
google_trends,economy,2025-08-27,16
google_trends,crime,2025-08-27,43
google_trends,immigration,2025-08-27,12
google_trends,healthcare,2025-08-27,38
google_trends,education,2025-08-27,57
google_trends,economy,2025-08-27,18
google_trends,crime,2025-08-27,47
google_trends,immigration,2025-08-27,13
google_trends,healthcare,2025-08-27,39
google_trends,education,2025-08-27,61
