created_utc,title,url,issue,subreddit
2025-08-27T01:47:57,FEMA employees put on leave after criticizing Trump administration in open letter,https://reddit.com/r/politics/comments/1n14dyr/fema_employees_put_on_leave_after_criticizing/,other,politics
2025-08-27T01:45:11,President Trump Should Return to an ‘America First’ Foreign Policy,https://reddit.com/r/politics/comments/1n14bp8/president_trump_should_return_to_an_america_first/,other,politics
2025-08-27T01:42:41,Trump asks Supreme Court to step in and block billions in foreign aid spending,https://reddit.com/r/politics/comments/1n149tj/trump_asks_supreme_court_to_step_in_and_block/,other,politics
2025-08-27T01:38:13,Trump administration pulls another $175m from California’s high-speed rail,https://reddit.com/r/politics/comments/1n146dj/trump_administration_pulls_another_175m_from/,other,politics
2025-08-27T01:36:26,"Alex Acosta, Who Gave “Sweetheart Deal” to Jeffrey Epstein, Agrees to Testify to House Panel",https://reddit.com/r/politics/comments/1n1451j/alex_acosta_who_gave_sweetheart_deal_to_jeffrey/,other,politics
2025-08-27T01:21:02,"Democrats flip Iowa state Senate seat, breaking GOP supermajority",https://reddit.com/r/politics/comments/1n13taq/democrats_flip_iowa_state_senate_seat_breaking/,other,politics
2025-08-27T01:20:48,"Texas redistricting maps are racially biased, civil rights advocates claim in lawsuit",https://reddit.com/r/politics/comments/1n13t42/texas_redistricting_maps_are_racially_biased/,other,politics
2025-08-27T00:52:26,The Enormous Stakes of Trump’s Effort to Fire the Fed Governor Lisa Cook,https://reddit.com/r/politics/comments/1n137dj/the_enormous_stakes_of_trumps_effort_to_fire_the/,other,politics
2025-08-27T00:51:15,"""Mind-bendingly ridiculous"": MAGA rages over Trump's Chinese students announcement",https://reddit.com/r/politics/comments/1n136hl/mindbendingly_ridiculous_maga_rages_over_trumps/,education,politics
2025-08-27T00:41:35,MAGA firebrand Laura Loomer breaks with Trump in rare public spat over 600k China student visas: ‘Do the math’,https://reddit.com/r/politics/comments/1n12yvb/maga_firebrand_laura_loomer_breaks_with_trump_in/,education,politics
2025-08-27T00:38:20,Trump’s hand bruise renews attention to his health — and his heart,https://reddit.com/r/politics/comments/1n12wds/trumps_hand_bruise_renews_attention_to_his_health/,other,politics
2025-08-27T00:32:30,Republican Mike Collins Caught on Hot-Mic Saying Trump is ‘in’ the Epstein Files,https://reddit.com/r/politics/comments/1n12rzk/republican_mike_collins_caught_on_hotmic_saying/,other,politics
2025-08-27T00:22:15,"U.S. to resume ""neighborhood checks"" for citizenship applications as part of Trump push to heavily vet immigrants",https://reddit.com/r/politics/comments/1n12k0m/us_to_resume_neighborhood_checks_for_citizenship/,immigration,politics
2025-08-27T00:09:38,MAGA Candidate Takes Flamethrower To Quran In Disturbing Video,https://reddit.com/r/politics/comments/1n12a5f/maga_candidate_takes_flamethrower_to_quran_in/,other,politics
2025-08-27T00:08:20,Hochul to sign Title VI legislation to counter persistent campus antisemitism,https://reddit.com/r/politics/comments/1n1293w/hochul_to_sign_title_vi_legislation_to_counter/,education,politics
2025-08-27T00:04:32,Texas artist speaks out after White House releases list of objectionable art,https://reddit.com/r/politics/comments/1n1265k/texas_artist_speaks_out_after_white_house/,other,politics
2025-08-26T23:51:16,President Of What??? Trump Mocked Over 'Totally Delusional' Title He Just Gave Himself,https://reddit.com/r/politics/comments/1n11vfy/president_of_what_trump_mocked_over_totally/,other,politics
2025-08-26T23:46:24,"When Mamdani says it, it’s socialism. When Trump does it, it’s genius. The Trump GOP: Mamdani must be stopped. Also the Trump GOP: Government wants a piece of the action.",https://reddit.com/r/politics/comments/1n11ric/when_mamdani_says_it_its_socialism_when_trump/,other,politics
2025-08-26T23:24:54,Donald Trump’s Assault on Capitalism,https://reddit.com/r/politics/comments/1n119vm/donald_trumps_assault_on_capitalism/,crime,politics
2025-08-26T23:22:42,Former Illinois National Guard general says troops can't act as law enforcement in Chicago,https://reddit.com/r/politics/comments/1n1180h/former_illinois_national_guard_general_says/,other,politics
2025-08-26T23:16:34,Trump Tries To Normalize Having National Guard Troops In American Cities,https://reddit.com/r/politics/comments/1n1131o/trump_tries_to_normalize_having_national_guard/,other,politics
2025-08-26T23:10:49,Trump’s Cabinet Meeting Was Stuffed With Flattery for Dear Leader,https://reddit.com/r/politics/comments/1n10yba/trumps_cabinet_meeting_was_stuffed_with_flattery/,other,politics
2025-08-26T23:01:53,"Trump’s law enforcement surge is alienating DC residents, senior officers say",https://reddit.com/r/politics/comments/1n10qxu/trumps_law_enforcement_surge_is_alienating_dc/,other,politics
2025-08-26T22:57:23,Trump's order on flag burning could return the question to the Supreme Court,https://reddit.com/r/politics/comments/1n10n47/trumps_order_on_flag_burning_could_return_the/,other,politics
2025-08-26T22:49:51,Ohio lawmakers move to classify threats on politicians as hate crimes,https://reddit.com/r/politics/comments/1n10gpg/ohio_lawmakers_move_to_classify_threats_on/,crime,politics
2025-08-26T22:46:31,"In war of letters, DOJ threatens action against Colorado, Denver over ‘sanctuary’ policies",https://reddit.com/r/politics/comments/1n10dw7/in_war_of_letters_doj_threatens_action_against/,other,politics
2025-08-26T22:37:40,Trump Suggests People Might Want A Dictator For The Second Day In A Row,https://reddit.com/r/politics/comments/1n106fb/trump_suggests_people_might_want_a_dictator_for/,other,politics
2025-08-26T22:36:17,DNC Votes Down “Overwhelming Popular Position” Calling for Arms Ban to Israel,https://reddit.com/r/politics/comments/1n105aq/dnc_votes_down_overwhelming_popular_position/,other,politics
2025-08-26T22:29:48,Researcher who has distorted voter data appointed to Homeland Security election integrity role,https://reddit.com/r/politics/comments/1n0zznr/researcher_who_has_distorted_voter_data_appointed/,other,politics
2025-08-26T22:25:45,Governor Hits Back at Trump’s Insult With a Jab at the President’s Weight: ‘He Is Not in Good Shape’,https://reddit.com/r/politics/comments/1n0zw6c/governor_hits_back_at_trumps_insult_with_a_jab_at/,other,politics
2025-08-26T22:21:04,"The US used to be a haven for research. Now, scientists are packing their bags.",https://reddit.com/r/politics/comments/1n0zs8a/the_us_used_to_be_a_haven_for_research_now/,other,politics
2025-08-26T22:20:48,"After Trump's DOGE action, 300 million people's Social Security data is at risk, whistleblower says",https://reddit.com/r/politics/comments/1n0zrz4/after_trumps_doge_action_300_million_peoples/,other,politics
2025-08-26T22:20:46,"Court tosses lawsuit by Trump against Maryland federal judges, calling it 'potentially calamitous'",https://reddit.com/r/politics/comments/1n0zrxy/court_tosses_lawsuit_by_trump_against_maryland/,other,politics
2025-08-26T22:11:42,2025 Alabama Municipal Elections Results,https://reddit.com/r/politics/comments/1n0zk47/2025_alabama_municipal_elections_results/,other,politics
2025-08-26T22:09:55,Pirro’s office fails three times to win felony indictment of alleged attacker of FBI agent,https://reddit.com/r/politics/comments/1n0ziip/pirros_office_fails_three_times_to_win_felony/,other,politics
2025-08-26T21:49:51,Judge Dismisses Sweeping DOJ Lawsuit Against Maryland Judges,https://reddit.com/r/politics/comments/1n0z0ig/judge_dismisses_sweeping_doj_lawsuit_against/,other,politics
2025-08-26T21:44:02,Mississippi Declares a Public Health Emergency Over Infant Deaths,https://reddit.com/r/politics/comments/1n0yv7p/mississippi_declares_a_public_health_emergency/,other,politics
2025-08-26T21:37:24,Democrats' Latest Move On The Gaza War Sparks Backlash — And Backtracking,https://reddit.com/r/politics/comments/1n0yp8l/democrats_latest_move_on_the_gaza_war_sparks/,other,politics
2025-08-26T21:29:57,Trump escalates his attack on the Fed: From the Politics Desk,https://reddit.com/r/politics/comments/1n0yijf/trump_escalates_his_attack_on_the_fed_from_the/,other,politics
2025-08-26T21:24:31,Trump administration tells 40 states to remove gender identity from sex ed or lose federal funds,https://reddit.com/r/politics/comments/1n0ydl4/trump_administration_tells_40_states_to_remove/,other,politics
2025-08-26T21:22:57,Donald Trump’s Big Gay Government,https://reddit.com/r/politics/comments/1n0yc61/donald_trumps_big_gay_government/,other,politics
2025-08-26T21:12:47,MAGA candidate sparks backlash after burning Quran and promising to ‘end Islam’ in Texas,https://reddit.com/r/politics/comments/1n0y2x7/maga_candidate_sparks_backlash_after_burning/,other,politics
2025-08-26T21:11:25,What State Capitalism Can Do—and What It Can’t,https://reddit.com/r/politics/comments/1n0y1lb/what_state_capitalism_can_doand_what_it_cant/,other,politics
2025-08-26T21:11:10,‘Clearly a low moment’: U.S.-India relationship sours as new tariffs kick in,https://reddit.com/r/politics/comments/1n0y1bt/clearly_a_low_moment_usindia_relationship_sours/,other,politics
2025-08-26T21:07:14,Polling memo reveals risk for Indiana Republicans as they weigh redistricting,https://reddit.com/r/politics/comments/1n0xxrz/polling_memo_reveals_risk_for_indiana_republicans/,other,politics
2025-08-26T21:00:03,"Purging ‘Equity’ Programs, G.O.P. Defunded Its Own Roads",https://reddit.com/r/politics/comments/1n0xqvi/purging_equity_programs_gop_defunded_its_own_roads/,other,politics
2025-08-26T20:57:47,Democrats withdraw two-state resolution to avoid clash with progressives on Israel and Palestinians,https://reddit.com/r/politics/comments/1n0xori/democrats_withdraw_twostate_resolution_to_avoid/,other,politics
2025-08-26T20:43:57,Trump seeks death penalty for D.C. murders,https://reddit.com/r/politics/comments/1n0xc69/trump_seeks_death_penalty_for_dc_murders/,crime,politics
2025-08-26T20:43:02,Trump ramps up criticism over Senate ‘blue slips’,https://reddit.com/r/politics/comments/1n0xbby/trump_ramps_up_criticism_over_senate_blue_slips/,other,politics
2025-08-26T20:42:03,Trump orders Harvard to pay $500 million to get their federal funding restored,https://reddit.com/r/politics/comments/1n0xafz/trump_orders_harvard_to_pay_500_million_to_get/,other,politics
2025-08-27T01:40:02,I just don't see it.,https://reddit.com/r/Conservative/comments/1n147rv/i_just_dont_see_it/,other,Conservative
2025-08-27T01:35:44,Charlamagne tha God slams flag-burners after Trump executive order,https://reddit.com/r/Conservative/comments/1n144hz/charlamagne_tha_god_slams_flagburners_after_trump/,other,Conservative
2025-08-27T01:34:37,Illegal alien flashes beaming smile in arrest photo after allegedly battering a federal officer,https://reddit.com/r/Conservative/comments/1n143nt/illegal_alien_flashes_beaming_smile_in_arrest/,other,Conservative
2025-08-27T00:47:23,Suspected drunk driver in Nashville crash is an illegal Honduran immigrant,https://reddit.com/r/Conservative/comments/1n133gd/suspected_drunk_driver_in_nashville_crash_is_an/,immigration,Conservative
2025-08-27T00:43:06,It’s beginning to feel like the 80’s in America again!,https://reddit.com/r/Conservative/comments/1n1302h/its_beginning_to_feel_like_the_80s_in_america/,other,Conservative
2025-08-27T00:40:34,DNC members rally around pro-DEI resolution: 'These are American values',https://reddit.com/r/Conservative/comments/1n12y3e/dnc_members_rally_around_prodei_resolution_these/,other,Conservative
2025-08-27T00:37:48,Cracker Barrel’s CEO dismissed warnings from a top investor who called the rebranding ‘obvious folly’ | Fox Business,https://reddit.com/r/Conservative/comments/1n12vzj/cracker_barrels_ceo_dismissed_warnings_from_a_top/,other,Conservative
2025-08-27T00:37:47,Laura: Democrats are losing voters because of their terrible policies,https://reddit.com/r/Conservative/comments/1n12vzd/laura_democrats_are_losing_voters_because_of/,other,Conservative
2025-08-27T00:37:15,Cincinnati police union unanimously votes no confidence in mayor Aftab Pureval amid viral beatdown fallout,https://reddit.com/r/Conservative/comments/1n12vlr/cincinnati_police_union_unanimously_votes_no/,crime,Conservative
2025-08-27T00:14:35,Gov. Tim Walz screeches about GOP’s ‘stupid frickin’ red hat’ during angry rant,https://reddit.com/r/Conservative/comments/1n12e0h/gov_tim_walz_screeches_about_gops_stupid_frickin/,other,Conservative
2025-08-27T00:13:20,Civics Revolution: Conservatives Are Reviving Traditional Education With a Modern Twist,https://reddit.com/r/Conservative/comments/1n12d1b/civics_revolution_conservatives_are_reviving/,education,Conservative
2025-08-27T00:08:56,"Cracker Barrel reverses course on new logo, brings back 'Old Timer' after fan backlash",https://reddit.com/r/Conservative/comments/1n129lj/cracker_barrel_reverses_course_on_new_logo_brings/,other,Conservative
2025-08-27T00:08:02,A Federal Appellate Court Finds the NLRB to Be Unconstitutional,https://reddit.com/r/Conservative/comments/1n128us/a_federal_appellate_court_finds_the_nlrb_to_be/,other,Conservative
2025-08-26T23:22:54,DNC Gaza resolution withdrawn amid growing Democratic Party discord,https://reddit.com/r/Conservative/comments/1n1185t/dnc_gaza_resolution_withdrawn_amid_growing/,other,Conservative
2025-08-26T23:22:16,Federal judge rejects Milwaukee judge's immunity claim in ICE obstruction case,https://reddit.com/r/Conservative/comments/1n117n8/federal_judge_rejects_milwaukee_judges_immunity/,other,Conservative
2025-08-26T23:09:31,Appeals court unanimous in pivotal ruling on undated or misdated mail-in ballots,https://reddit.com/r/Conservative/comments/1n10x73/appeals_court_unanimous_in_pivotal_ruling_on/,other,Conservative
2025-08-26T22:51:16,Trump Order Deepens National Guard’s Role in US Law Enforcement,https://reddit.com/r/Conservative/comments/1n10hz5/trump_order_deepens_national_guards_role_in_us/,other,Conservative
2025-08-26T22:27:20,"Trump, Russia, And The Unlikeliest Story",https://reddit.com/r/Conservative/comments/1n0zxjy/trump_russia_and_the_unlikeliest_story/,other,Conservative
2025-08-26T22:23:57,"Juvenile crime torments Dem-run city where kids charged in playground arson, Trump threatens federal cleanup",https://reddit.com/r/Conservative/comments/1n0zumy/juvenile_crime_torments_demrun_city_where_kids/,crime,Conservative
2025-08-26T22:22:26,Kilmar Abrego Garcia heard saying two words as ICE agent leads him away,https://reddit.com/r/Conservative/comments/1n0zte9/kilmar_abrego_garcia_heard_saying_two_words_as/,other,Conservative
2025-08-26T22:12:02,Teaching Western Political Thought in Indonesia,https://reddit.com/r/Conservative/comments/1n0zkee/teaching_western_political_thought_in_indonesia/,other,Conservative
2025-08-26T22:09:47,"IMO, Pres Trump causes unneeded self-damage with stupid things like the flag burning EO",https://reddit.com/r/Conservative/comments/1n0zie1/imo_pres_trump_causes_unneeded_selfdamage_with/,other,Conservative
2025-08-26T21:53:22,Mamdacommie's city owned grocery store idea has been tried. It didn't work.,https://reddit.com/r/Conservative/comments/1n0z3ro/mamdacommies_city_owned_grocery_store_idea_has/,other,Conservative
2025-08-26T21:40:47,Trump considers renaming Defense Department to 'Department of War',https://reddit.com/r/Conservative/comments/1n0ysam/trump_considers_renaming_defense_department_to/,other,Conservative
2025-08-26T21:39:50,Denied: Federal Judge Refuses to Drop Charges Against Milwaukee Judge Who Thwarted ICE,https://reddit.com/r/Conservative/comments/1n0yrf4/denied_federal_judge_refuses_to_drop_charges/,other,Conservative
2025-08-26T21:33:22,Vanity Fair employees lash out over proposed Melania Trump cover: ‘I will walk out the motherf–king door’,https://reddit.com/r/Conservative/comments/1n0yllg/vanity_fair_employees_lash_out_over_proposed/,other,Conservative
2025-08-26T14:49:42,Billions in ‘nonprofit’ peculation now largely fund America’s left,https://reddit.com/r/Conservative/comments/1n0nwpa/billions_in_nonprofit_peculation_now_largely_fund/,other,Conservative
2025-08-26T14:51:46,"mRNA: Deliverance, Dud, or Danger?",https://reddit.com/r/Conservative/comments/1n0nyrh/mrna_deliverance_dud_or_danger/,other,Conservative
2025-08-26T14:54:40,Borderless Britain: Foreign National Sex Convictions Surge by More Than 60 Per Cent over Past Four Years,https://reddit.com/r/Conservative/comments/1n0o1fv/borderless_britain_foreign_national_sex/,immigration,Conservative
2025-08-26T20:37:28,Millions of Gen Zers are jobless—and unemployment is mainly affecting men,https://reddit.com/r/Conservative/comments/1n0x65o/millions_of_gen_zers_are_joblessand_unemployment/,economy,Conservative
2025-08-26T19:35:48,British Authorities Arrest St. George For Brandishing Bladed Weapon At Dragon,https://reddit.com/r/Conservative/comments/1n0vjcj/british_authorities_arrest_st_george_for/,other,Conservative
2025-08-26T19:38:54,Leftist Media Spreads Lies On Trump's Election Integrity Watchdog,https://reddit.com/r/Conservative/comments/1n0vm7j/leftist_media_spreads_lies_on_trumps_election/,other,Conservative
2025-08-26T19:47:05,Melania Trump Sends Liberals Into a Full-Blown Meltdown With Proposed Magazine Cover,https://reddit.com/r/Conservative/comments/1n0vtwg/melania_trump_sends_liberals_into_a_fullblown/,other,Conservative
2025-08-26T19:47:04,President Trump To Seek The Death Penalty For Murderers In D.C.,https://reddit.com/r/Conservative/comments/1n0vtvo/president_trump_to_seek_the_death_penalty_for/,crime,Conservative
2025-08-26T19:44:19,Clarence Thomas Marks a Major Milestone,https://reddit.com/r/Conservative/comments/1n0vrc5/clarence_thomas_marks_a_major_milestone/,other,Conservative
2025-08-26T19:43:35,Conservatives Celebrate Who Will Reportedly Take Over White House Hiring,https://reddit.com/r/Conservative/comments/1n0vqng/conservatives_celebrate_who_will_reportedly_take/,other,Conservative
2025-08-26T18:58:24,WATCH LIVE: Trump holds Cabinet meeting after sweeping DC crime crackdown,https://reddit.com/r/Conservative/comments/1n0uk21/watch_live_trump_holds_cabinet_meeting_after/,crime,Conservative
2025-08-26T18:38:39,Blue city residents plead for Trump’s help as ‘out of control’ crime leads to another bloody weekend,https://reddit.com/r/Conservative/comments/1n0u1ld/blue_city_residents_plead_for_trumps_help_as_out/,crime,Conservative
2025-08-26T18:06:55,We Will Not Comply: Lefty WRECKED for Telling People to 'Cooperate' With Home Invaders,https://reddit.com/r/Conservative/comments/1n0t7yb/we_will_not_comply_lefty_wrecked_for_telling/,other,Conservative
2025-08-26T17:48:41,Keep FOX,https://reddit.com/r/Conservative/comments/1n0sq0f/keep_fox/,other,Conservative
2025-08-26T17:07:32,"NYT warns election map moving away from Dems, with implications for 2032",https://reddit.com/r/Conservative/comments/1n0rlij/nyt_warns_election_map_moving_away_from_dems_with/,other,Conservative
2025-08-26T17:03:17,HAPPENING NOW: Trump says he’s ‘willing’ to go to crime-ridden Chicago as he slams governor,https://reddit.com/r/Conservative/comments/1n0rh9w/happening_now_trump_says_hes_willing_to_go_to/,crime,Conservative
2025-08-26T17:01:28,"Utah judge tosses congressional maps, creating Democratic opportunity",https://reddit.com/r/Conservative/comments/1n0rfj1/utah_judge_tosses_congressional_maps_creating/,other,Conservative
2025-08-26T16:59:09,Schiff’s Mortgage Fraud Denial Backfires As He’s Slapped Down by Documentation Showing Otherwise,https://reddit.com/r/Conservative/comments/1n0rd1t/schiffs_mortgage_fraud_denial_backfires_as_hes/,other,Conservative
2025-08-26T16:37:30,Mail-In Voting Is A Recipe For Election Disasters,https://reddit.com/r/Conservative/comments/1n0qrxk/mailin_voting_is_a_recipe_for_election_disasters/,other,Conservative
2025-08-26T16:25:56,Switzerland: Riots Engulf City After Boy of Migrant Background Killed During Police Chase,https://reddit.com/r/Conservative/comments/1n0qgqz/switzerland_riots_engulf_city_after_boy_of/,immigration,Conservative
2025-08-26T15:57:14,General Kurilla who led US’ ‘Midnight Hammer’ strikes on Iran ends Middle East reign,https://reddit.com/r/Conservative/comments/1n0ppm8/general_kurilla_who_led_us_midnight_hammer/,other,Conservative
2025-08-26T15:56:24,Kilmar Abrego Garcia's ICE arrest goes viral as he calls government 'corrupt',https://reddit.com/r/Conservative/comments/1n0pova/kilmar_abrego_garcias_ice_arrest_goes_viral_as_he/,other,Conservative
2025-08-26T15:51:58,"Trump to allow 600,000 Chinese students entry to US for college as trade talks with China press on",https://reddit.com/r/Conservative/comments/1n0pkrr/trump_to_allow_600000_chinese_students_entry_to/,education,Conservative
2025-08-26T15:31:13,Governor Hochul (D) Begs Liberal Judges In Her State To Not Let Dangerous Criminals Go Free,https://reddit.com/r/Conservative/comments/1n0p167/governor_hochul_d_begs_liberal_judges_in_her/,other,Conservative
2025-08-27T01:34:00,"Democrats flip Iowa state senate seat, breaking GOP majority",https://reddit.com/r/democrats/comments/1n1436m/democrats_flip_iowa_state_senate_seat_breaking/,other,democrats
2025-08-26T21:49:11,Trump Loses a Lawyer—And Much More,https://reddit.com/r/democrats/comments/1n0yzxk/trump_loses_a_lawyerand_much_more/,other,democrats
2025-08-26T20:49:56,"Trump: ""I have the right to do anything I want to do. I'm the president of the United States.""",https://reddit.com/r/democrats/comments/1n0xhn7/trump_i_have_the_right_to_do_anything_i_want_to/,other,democrats
2025-08-26T20:17:27,Appeals court says Pa. mail ballots can’t be thrown out over misdated envelopes,https://reddit.com/r/democrats/comments/1n0wmvs/appeals_court_says_pa_mail_ballots_cant_be_thrown/,other,democrats
2025-08-26T19:46:32,It’s time to unmask the Trump tariffs for what they really are: A giant national sales tax that will hobble growth,https://reddit.com/r/democrats/comments/1n0vteo/its_time_to_unmask_the_trump_tariffs_for_what/,economy,democrats
2025-08-26T18:48:56,"Fed Governor Lisa Cook To Sue Over Trump Attempt To Fire Her, Attorney Says",https://reddit.com/r/democrats/comments/1n0ubb1/fed_governor_lisa_cook_to_sue_over_trump_attempt/,other,democrats
2025-08-26T18:26:24,"Trump, 79, Struggles to Walk in a Straight Line at Golf Outing",https://reddit.com/r/democrats/comments/1n0tq86/trump_79_struggles_to_walk_in_a_straight_line_at/,other,democrats
2025-08-26T18:13:36,Voter in Missouri gives an all-too-blunt assessment of GOP Rep. Mark Alford and President Donald Trump,https://reddit.com/r/democrats/comments/1n0teaq/voter_in_missouri_gives_an_alltooblunt_assessment/,other,democrats
2025-08-26T17:48:05,Trump just did the one thing the Supreme Court said he can’t do,https://reddit.com/r/democrats/comments/1n0spfh/trump_just_did_the_one_thing_the_supreme_court/,other,democrats
2025-08-26T17:42:12,'Champing at the bit': Newsom's labor allies plan redistricting ground game,https://reddit.com/r/democrats/comments/1n0sjmg/champing_at_the_bit_newsoms_labor_allies_plan/,other,democrats
2025-08-26T15:54:39,Attorney General Mayes Secures Full Relief for Arizona Schools in Lawsuit Challenging Withholding of Education Funding,https://reddit.com/r/democrats/comments/1n0pna4/attorney_general_mayes_secures_full_relief_for/,education,democrats
2025-08-26T15:53:28,Lisa Cook issues defiant message to Trump over Federal Reserve firing,https://reddit.com/r/democrats/comments/1n0pm6q/lisa_cook_issues_defiant_message_to_trump_over/,other,democrats
2025-08-26T14:49:31,"DOGE Put Critical Social Security Data at Risk, Whistle-Blower Says",https://reddit.com/r/democrats/comments/1n0nwjp/doge_put_critical_social_security_data_at_risk/,other,democrats
2025-08-26T13:57:03,Trumpstein Files - Ghislaine implicates the whole Trump cabinet with her admission.,https://reddit.com/r/democrats/comments/1n0mkd7/trumpstein_files_ghislaine_implicates_the_whole/,other,democrats
2025-08-26T13:44:52,Tim Walz lambasts Republicans,https://reddit.com/r/democrats/comments/1n0m9lu/tim_walz_lambasts_republicans/,other,democrats
2025-08-26T13:18:23,"Utah judge tosses congressional maps, creating Democratic opportunity - Roll Call",https://reddit.com/r/democrats/comments/1n0lmkw/utah_judge_tosses_congressional_maps_creating/,other,democrats
2025-08-26T11:10:37,"Groceries are up 2.2%, housing up 4%, utilities up 2.8%, transportation up 4.8%, and clothing has gone up 40%. The average family is spending $190 more a month. Yet MAGA praises Trump for feeding brown people to alligators and giving tax cuts to billionaires.",https://reddit.com/r/democrats/comments/1n0iwfx/groceries_are_up_22_housing_up_4_utilities_up_28/,other,democrats
2025-08-26T11:06:38,Trump’s immigration crackdown could be slowing the hunt for child predators online,https://reddit.com/r/democrats/comments/1n0itrb/trumps_immigration_crackdown_could_be_slowing_the/,immigration,democrats
2025-08-26T04:00:43,'We are watching and taking names': Illinois Gov. JB Pritzker responds to Trump's threats to Chicago,https://reddit.com/r/democrats/comments/1n0bxon/we_are_watching_and_taking_names_illinois_gov_jb/,other,democrats
2025-08-26T03:49:50,Utah judge orders state to draw new congressional maps before 2026,https://reddit.com/r/democrats/comments/1n0bqg7/utah_judge_orders_state_to_draw_new_congressional/,other,democrats
2025-08-25T23:43:37,"This isn’t “politics as usual.” This is fascism. Full stop. If you’re not alarmed yet, you’re not paying attention.",https://reddit.com/r/democrats/comments/1n06iqb/this_isnt_politics_as_usual_this_is_fascism_full/,other,democrats
2025-08-25T22:51:22,Trump and RFK Jr. to Ban COVID-19 Vaccine ‘Within Months’,https://reddit.com/r/democrats/comments/1n05bao/trump_and_rfk_jr_to_ban_covid19_vaccine_within/,other,democrats
2025-08-25T21:58:05,The best way for a Democrat to rehab their image these days? Have Trump attack,https://reddit.com/r/democrats/comments/1n040wx/the_best_way_for_a_democrat_to_rehab_their_image/,other,democrats
2025-08-25T20:41:30,"Donald Trump says ""maybe"" people like dictators",https://reddit.com/r/democrats/comments/1n0216r/donald_trump_says_maybe_people_like_dictators/,other,democrats
2025-08-25T20:15:18,Former Labor secretary will be interviewed in House Epstein probe,https://reddit.com/r/democrats/comments/1n01c6g/former_labor_secretary_will_be_interviewed_in/,other,democrats
2025-08-25T19:16:30,Trump says DOJ will sue California over redistricting as he celebrates Texas effort,https://reddit.com/r/democrats/comments/1mzzsv8/trump_says_doj_will_sue_california_over/,other,democrats
2025-08-25T19:05:23,Hegseth changing name US Dept of Defense to Dept of War,https://reddit.com/r/democrats/comments/1mzzi3b/hegseth_changing_name_us_dept_of_defense_to_dept/,other,democrats
2025-08-25T19:04:55,Hillary Clinton warns about Trumps military occupation of American cities,https://reddit.com/r/democrats/comments/1mzzhny/hillary_clinton_warns_about_trumps_military/,other,democrats
2025-08-25T17:53:27,Do we live in North Korea? What is this shit?,https://reddit.com/r/democrats/comments/1mzxkts/do_we_live_in_north_korea_what_is_this_shit/,other,democrats
2025-08-25T17:29:39,Ghislaine Maxwell Becomes Only Person in America Who Has Not Seen Trump Act Inappropriately,https://reddit.com/r/democrats/comments/1mzwx4o/ghislaine_maxwell_becomes_only_person_in_america/,other,democrats
2025-08-25T17:03:43,CA v Trump: Redistricting,https://reddit.com/r/democrats/comments/1mzw7o5/ca_v_trump_redistricting/,other,democrats
2025-08-25T16:34:31,"War of words (well, words vs verbal diarrhea) between Maryland Governor, Wes Moore, and Trump",https://reddit.com/r/democrats/comments/1mzveo1/war_of_words_well_words_vs_verbal_diarrhea/,other,democrats
2025-08-25T16:34:21,"Trump, 79, Spotted With New Bruise on His Other Hand",https://reddit.com/r/democrats/comments/1mzveib/trump_79_spotted_with_new_bruise_on_his_other_hand/,other,democrats
2025-08-25T16:21:03,Facing the Very Real Possibility That Donald Trump Is a Madman - WhoWhatWhy,https://reddit.com/r/democrats/comments/1mzv1h9/facing_the_very_real_possibility_that_donald/,other,democrats
2025-08-25T15:43:33,"Maryland Dem Governor taunts Trump, offers golf cart to tour Baltimore if his bone spurs prevent him from walking to see how crime has gone down",https://reddit.com/r/democrats/comments/1mzu0lm/maryland_dem_governor_taunts_trump_offers_golf/,crime,democrats
2025-08-25T15:38:51,Transcript: Gavin Newsom’s Harsh Trump Takedown Nails It: “Wake Up!”,https://reddit.com/r/democrats/comments/1mztw1z/transcript_gavin_newsoms_harsh_trump_takedown/,other,democrats
2025-08-25T14:42:26,"In Pursuing Trump Rival, Weaponization Czar Sidesteps Justice Dept. Norms",https://reddit.com/r/democrats/comments/1mzscsm/in_pursuing_trump_rival_weaponization_czar/,other,democrats
2025-08-25T14:11:27,Trump Says ABC And NBC Should Lose Licenses Over 97% ‘Bad Stories’ About Him,https://reddit.com/r/democrats/comments/1mzrkh5/trump_says_abc_and_nbc_should_lose_licenses_over/,other,democrats
2025-08-25T13:31:57,National guard start carrying firearms in DC as Trump says Chicago may be next,https://reddit.com/r/democrats/comments/1mzqlcy/national_guard_start_carrying_firearms_in_dc_as/,other,democrats
2025-08-25T13:21:02,"Mark Wheeler's Senate Bid: A Story of Grit, Transparency, and Alabama Roots",https://reddit.com/r/democrats/comments/1mzqbvv/mark_wheelers_senate_bid_a_story_of_grit/,other,democrats
2025-08-25T12:31:22,"Kilmar Abrego Garcia taken into ICE custody at appointment; Abrego Garcia, who was just released from federal custody on Friday, now faces deportation to Uganda.",https://reddit.com/r/democrats/comments/1mzp6q7/kilmar_abrego_garcia_taken_into_ice_custody_at/,immigration,democrats
2025-08-25T11:36:30,"After California and Texas, the Other States Considering Redistricting",https://reddit.com/r/democrats/comments/1mzo206/after_california_and_texas_the_other_states/,other,democrats
2025-08-25T02:03:44,Surveillance Company Flock Now Using AI to Report Us to Police if it Thinks Our Movement Patterns Are “Suspicious” | ACLU,https://reddit.com/r/democrats/comments/1mze99c/surveillance_company_flock_now_using_ai_to_report/,crime,democrats
2025-08-25T01:02:39,I knew this picture looked familiar!,https://reddit.com/r/democrats/comments/1mzczep/i_knew_this_picture_looked_familiar/,other,democrats
2025-08-24T23:36:57,Destroying the CIA and U.S. National Security: My Chat with Tim Weiner,https://reddit.com/r/democrats/comments/1mzb4j2/destroying_the_cia_and_us_national_security_my/,other,democrats
2025-08-24T19:47:56,"Yes, It IS a Police State. And Yes, You Can Do Something",https://reddit.com/r/democrats/comments/1mz5hbr/yes_it_is_a_police_state_and_yes_you_can_do/,crime,democrats
2025-08-24T18:25:01,Trump's redistricting push could bring decades of Republican rule to the US House,https://reddit.com/r/democrats/comments/1mz3awg/trumps_redistricting_push_could_bring_decades_of/,other,democrats
2025-08-24T17:41:14,Newsom's viral posts aren't his work.  It's a 29yo Latina from Stockton.  UC Santa Cruz & USC grad taking his social media accounts follower to sky high levels.  The era of mainstream campaign trolling is here.  Go girl!,https://reddit.com/r/democrats/comments/1mz24ba/newsoms_viral_posts_arent_his_work_its_a_29yo/,other,democrats
2025-08-24T17:02:14,Trump’s voters are ‘waking up’: Maxwell Frost on town hall push through red districts - YouTube,https://reddit.com/r/democrats/comments/1mz12f4/trumps_voters_are_waking_up_maxwell_frost_on_town/,other,democrats
2025-08-24T16:12:30,I feel like this is a very defining week coming up and the media is just framing this as simply another political statement disagreement between democrats and republicans (explanation in comments),https://reddit.com/r/democrats/comments/1myzqwk/i_feel_like_this_is_a_very_defining_week_coming/,other,democrats
2025-08-17T01:13:03,What other evidence exists that astroturfing shapes political views and extreme tribalism? How can we combat it?,https://reddit.com/r/NeutralPolitics/comments/1msdnbj/what_other_evidence_exists_that_astroturfing/,other,NeutralPolitics
2025-08-10T19:39:49,Trump’s Tariffs on BRICS: Economic Weapon or Strategic Misstep?,https://reddit.com/r/NeutralPolitics/comments/1mmrxzf/trumps_tariffs_on_brics_economic_weapon_or/,other,NeutralPolitics
2025-08-10T14:37:33,What are the geopolitical implications of the U.S. placing a $50M bounty on Nicolás Maduro?,https://reddit.com/r/NeutralPolitics/comments/1mmk7nx/what_are_the_geopolitical_implications_of_the_us/,other,NeutralPolitics
2025-08-05T04:50:17,"What percentage of the US population would need to be covered by a single-payer healthcare system for it to be cheaper per person than private insurance? Is there any reason that states can't collaborate to establish a ""National Popular Vote Interstate Compact for Single-Payer Healthcare""?",https://reddit.com/r/NeutralPolitics/comments/1mi02hh/what_percentage_of_the_us_population_would_need/,healthcare,NeutralPolitics
2025-07-31T19:04:10,How should US Olympic policy balance fairness and inclusivity for transgender athletes?,https://reddit.com/r/NeutralPolitics/comments/1meac0c/how_should_us_olympic_policy_balance_fairness_and/,other,NeutralPolitics
2025-07-30T06:13:10,Balancing environmental urgency with support for stronger border security — how do others reconcile these priorities?,https://reddit.com/r/NeutralPolitics/comments/1mcyzu9/balancing_environmental_urgency_with_support_for/,immigration,NeutralPolitics
2025-07-29T14:16:16,Where should the line be drawn between state discretion and federal oversight in Medicaid funding?,https://reddit.com/r/NeutralPolitics/comments/1mccmc0/where_should_the_line_be_drawn_between_state/,healthcare,NeutralPolitics
2025-07-27T16:27:42,Is a European Unified Military Command a viable option to NATO?,https://reddit.com/r/NeutralPolitics/comments/1maqmyf/is_a_european_unified_military_command_a_viable/,other,NeutralPolitics
2025-07-26T18:49:37,Capitol riot prosecutor sues DOJ. Was his firing justified or politically motivated?,https://reddit.com/r/NeutralPolitics/comments/1ma13cw/capitol_riot_prosecutor_sues_doj_was_his_firing/,other,NeutralPolitics
2025-07-22T15:00:47,Any Recommendations for Neutral Podcasts on the Russo-Ukrainian War?,https://reddit.com/r/NeutralPolitics/comments/1m6gel6/any_recommendations_for_neutral_podcasts_on_the/,other,NeutralPolitics
2025-07-21T16:29:53,Is the deep-sea mining 'scramble' actually important?,https://reddit.com/r/NeutralPolitics/comments/1m5nlnj/is_the_deepsea_mining_scramble_actually_important/,other,NeutralPolitics
2025-07-09T04:14:39,"Should the U.S. federal government override state AI laws to counter China, or does that undermine democratic oversight?",https://reddit.com/r/NeutralPolitics/comments/1lv9h8z/should_the_us_federal_government_override_state/,other,NeutralPolitics
2025-07-08T03:34:36,"To what extent has there been illicit arms trafficking of weapons donated to Ukraine by the US, UK, and Europe?",https://reddit.com/r/NeutralPolitics/comments/1luejox/to_what_extent_has_there_been_illicit_arms/,other,NeutralPolitics
2025-07-08T09:46:16,What are the arguments for and against disarming the municipal police (current French debate)?,https://reddit.com/r/NeutralPolitics/comments/1lukf4q/what_are_the_arguments_for_and_against_disarming/,crime,NeutralPolitics
2025-06-28T22:34:05,What are the effects on nationwide injunctions following the SCOTUS ruling in the birthright citizenship case?,https://reddit.com/r/NeutralPolitics/comments/1lmzadm/what_are_the_effects_on_nationwide_injunctions/,other,NeutralPolitics
2025-06-15T20:07:47,Do we actually know how well our elected officials are performing? And do we measure in a way that helps us as citizens?,https://reddit.com/r/NeutralPolitics/comments/1lc9p3s/do_we_actually_know_how_well_our_elected/,other,NeutralPolitics
2025-06-15T17:13:33,What are the pro's and con's of prison abolition?,https://reddit.com/r/NeutralPolitics/comments/1lc5ize/what_are_the_pros_and_cons_of_prison_abolition/,other,NeutralPolitics
2025-05-27T10:58:15,Is the Trump Budget's proposed 10-year Moratorium on state law regarding AI legal?,https://reddit.com/r/NeutralPolitics/comments/1kwkbzh/is_the_trump_budgets_proposed_10year_moratorium/,other,NeutralPolitics
2025-05-10T16:34:56,What are the pros and cons of the US-UK trade deal announced recently?,https://reddit.com/r/NeutralPolitics/comments/1kjedec/what_are_the_pros_and_cons_of_the_usuk_trade_deal/,other,NeutralPolitics
2025-05-07T15:07:59,China vs USA: Are We Repeating History or Writing a New One?,https://reddit.com/r/NeutralPolitics/comments/1kgzosr/china_vs_usa_are_we_repeating_history_or_writing/,other,NeutralPolitics
2025-04-25T20:12:57,What is the evidence for and against the claims that the J6 protesters did not get due process?,https://reddit.com/r/NeutralPolitics/comments/1k7uncy/what_is_the_evidence_for_and_against_the_claims/,other,NeutralPolitics
2025-04-22T02:54:05,"Is there an example of a government granting women (or other groups) the right to vote and then rescinding that right through legislative action? If so, what was the response of those who lost the right to vote?",https://reddit.com/r/NeutralPolitics/comments/1k4w20k/is_there_an_example_of_a_government_granting/,other,NeutralPolitics
2025-04-22T02:37:01,"Are there examples of known white nationalists holding state wide offices in the US? If so, what are their policy failures and successes?",https://reddit.com/r/NeutralPolitics/comments/1k4vqhb/are_there_examples_of_known_white_nationalists/,other,NeutralPolitics
2025-04-22T02:18:45,What are the pros and cons of ethnonationalism?  Are there notable successful/unsuccessful examples of this political approach?,https://reddit.com/r/NeutralPolitics/comments/1k4vdj9/what_are_the_pros_and_cons_of_ethnonationalism/,other,NeutralPolitics
2025-04-18T17:48:47,What are the arguments for and against giving natives back the land of their ancestors?,https://reddit.com/r/NeutralPolitics/comments/1k2b1d8/what_are_the_arguments_for_and_against_giving/,other,NeutralPolitics
2025-04-15T14:52:24,Would it be feasible for the U.S. to replace some tariffs with a revenue-sharing trade model where export-reliant countries remit a small percentage of tax revenue collected from U.S.-bound goods?,https://reddit.com/r/NeutralPolitics/comments/1jztv11/would_it_be_feasible_for_the_us_to_replace_some/,other,NeutralPolitics
2025-04-08T17:30:57,"Has there been a time in history that a country has imposed tariffs in a similar way Trump has? If so, what have the consequences been to that country economically and in terms of international relations with other countries, and between other countries in response?",https://reddit.com/r/NeutralPolitics/comments/1jujbzb/has_there_been_a_time_in_history_that_a_country/,other,NeutralPolitics
2025-04-03T18:30:48,What is the lowest tariff that Trump has applied in yesterday’s announcement?,https://reddit.com/r/NeutralPolitics/comments/1jqq7oh/what_is_the_lowest_tariff_that_trump_has_applied/,other,NeutralPolitics
2025-04-02T23:52:58,What are the goals and legality of US President Trump's 'Liberation Day' tariffs?,https://reddit.com/r/NeutralPolitics/comments/1jq3q1v/what_are_the_goals_and_legality_of_us_president/,other,NeutralPolitics
2025-03-31T12:20:35,Is there a date or deadline for the Supreme Court responding to Trump's Alien Enemies Act request?,https://reddit.com/r/NeutralPolitics/comments/1jo1ugv/is_there_a_date_or_deadline_for_the_supreme_court/,other,NeutralPolitics
2025-03-28T19:47:36,In what ways are/aren't the Trump administration's tariffs against Canada justified?,https://reddit.com/r/NeutralPolitics/comments/1jm3trc/in_what_ways_arearent_the_trump_administrations/,other,NeutralPolitics
2025-03-27T13:52:38,Live Updates on Government Activity - any similar tools?,https://reddit.com/r/NeutralPolitics/comments/1jl4ekh/live_updates_on_government_activity_any_similar/,other,NeutralPolitics
2025-03-22T16:52:24,What are some good books to understand arguments on economic systems and geopolitics?,https://reddit.com/r/NeutralPolitics/comments/1jhcvs3/what_are_some_good_books_to_understand_arguments/,other,NeutralPolitics
2025-03-16T16:58:55,"What's the purpose of Sec 3106 of HR1968, the CR that just passed the House and Senate?",https://reddit.com/r/NeutralPolitics/comments/1jcq04r/whats_the_purpose_of_sec_3106_of_hr1968_the_cr/,other,NeutralPolitics
2025-03-14T05:34:02,"What are the PROS and CONS of voting for H.R.1968 - Full-Year Continuing Appropriations and Extensions Act, 2025?",https://reddit.com/r/NeutralPolitics/comments/1jawsml/what_are_the_pros_and_cons_of_voting_for_hr1968/,other,NeutralPolitics
2025-03-13T04:38:14,Is the United States's Constitution doing its job?,https://reddit.com/r/NeutralPolitics/comments/1ja45ic/is_the_united_statess_constitution_doing_its_job/,other,NeutralPolitics
2025-03-12T16:57:26,What is the evidence for and against the claim that the US has been ripped off by other countries in trade?,https://reddit.com/r/NeutralPolitics/comments/1j9oskm/what_is_the_evidence_for_and_against_the_claim/,other,NeutralPolitics
2025-02-27T00:05:00,"What is the difference, if any, between Biden revoking press passes and Trump restricting press access in the White House?",https://reddit.com/r/NeutralPolitics/comments/1iz2cxr/what_is_the_difference_if_any_between_biden/,other,NeutralPolitics
2025-02-26T14:50:58,"If healthcare is deregulated, what are the pros and cons of establishing a public option alongside it?",https://reddit.com/r/NeutralPolitics/comments/1iyp8mu/if_healthcare_is_deregulated_what_are_the_pros/,healthcare,NeutralPolitics
2025-02-26T00:36:46,"Why did the Biden administration delay addressing the border issue (i.e., asylum abuse)?",https://reddit.com/r/NeutralPolitics/comments/1iyaof4/why_did_the_biden_administration_delay_addressing/,immigration,NeutralPolitics
2025-02-23T01:55:31,How is wealth in the USA distributed by political affiliation?,https://reddit.com/r/NeutralPolitics/comments/1ivz47f/how_is_wealth_in_the_usa_distributed_by_political/,other,NeutralPolitics
2025-02-23T04:00:27,Has DOGE examined Medicare Advantage for potential savings of taxpayer expenditure?,https://reddit.com/r/NeutralPolitics/comments/1iw1f5r/has_doge_examined_medicare_advantage_for/,healthcare,NeutralPolitics
2025-02-22T20:56:51,What are the tangible benefits to US citizens of global US soft power?,https://reddit.com/r/NeutralPolitics/comments/1ivsv9a/what_are_the_tangible_benefits_to_us_citizens_of/,other,NeutralPolitics
2025-02-19T21:41:25,A lot of democrats are claiming that Musk and Doge are cutting agencies and jobs to eventually help the rich with tax breaks. Is there evidence?,https://reddit.com/r/NeutralPolitics/comments/1ithh28/a_lot_of_democrats_are_claiming_that_musk_and/,economy,NeutralPolitics
2025-02-18T00:59:03,The US Military has around 35% of the worlds expenditures for military. We have almost 3 times the second place for 2022 and over 5 times 3rd. Our president has expressed a desire to cut this back immensely. Can this be realistically done well?,https://reddit.com/r/NeutralPolitics/comments/1is07y0/the_us_military_has_around_35_of_the_worlds/,other,NeutralPolitics
2025-02-17T19:51:56,What are the pros and cons of the reported US proposal to end the war in Ukraine?,https://reddit.com/r/NeutralPolitics/comments/1irszsg/what_are_the_pros_and_cons_of_the_reported_us/,other,NeutralPolitics
2025-02-16T18:18:27,"At this point, based on direct evidence, how much exactly in dollars has Elon Musk saved taxpayers by eliminating fraud, waste, and abuse in the federal government (i.e. not just his/Trump's quotes, but direct evidence of specific dollar figures)?",https://reddit.com/r/NeutralPolitics/comments/1iqykxa/at_this_point_based_on_direct_evidence_how_much/,other,NeutralPolitics
2025-02-11T21:29:21,"What evidence is there for or against the amount of fraud that Elon Musk is claiming exists in Social Security, Medicare, Medicaid, etc.?",https://reddit.com/r/NeutralPolitics/comments/1in9zo3/what_evidence_is_there_for_or_against_the_amount/,healthcare,NeutralPolitics
2025-02-09T01:18:37,Is there a link between Heritage Foundation and the prayer breakfast family?,https://reddit.com/r/NeutralPolitics/comments/1il33q9/is_there_a_link_between_heritage_foundation_and/,other,NeutralPolitics
2025-02-07T16:20:40,"Is the US Government selling off property, or ending leases?",https://reddit.com/r/NeutralPolitics/comments/1ijyt9j/is_the_us_government_selling_off_property_or/,other,NeutralPolitics
